Qty,References,Value,Footprint,MPN,LCSC (fill in),Notes
1,"A1","Pico / WeAct RP2040 (USB-C)","Module:RaspberryPi_Pico_SMD_HandSolder","Raspberry Pi Pico (SC0915) or WeAct Studio RP2040",,"USB-C variant recommended; castellated, solder directly or on 2x 1x20 sockets"
1,"BZ1","5V active buzzer","Buzzer_Beeper:Buzzer_12x9.5RM7.6","TMB12A05 (12mm 5V active, 7.6mm pitch)",,""
15,"C1 C2 C3 C4 C5 C8 C9 C10 C11 C12 C13 C14 C15 C16 C17","100n","Capacitor_SMD:C_0603_1608Metric","0603 100nF X7R 16V",,""
2,"C6 C7","10u","Capacitor_SMD:C_0805_2012Metric","0805 10uF X5R 16V",,""
10,"D1 D2 D3 D4 D5 D6 D7 D8 D9 D10","WS2812B","LED_SMD:LED_WS2812B_PLCC4_5.0x5.0mm_P3.2mm","WS2812B-5050",,""
1,"D11","1N4148W","Diode_SMD:D_SOD-123","1N4148W",,""
1,"J1","RPi 40-pin (DUT)","Connector_PinHeader_2.54mm:PinHeader_2x20_P2.54mm_Vertical","2x20 2.54mm male pin header",,"ALL pins are isolated test lines - never tie to power/GND"
1,"J2","TELEM1 (DUT)","Connector_JST:JST_GH_SM06B-GHS-TB_1x06-1MP_P1.25mm_Horizontal","JST SM06B-GHS-TB(LF)(SN)",,"~50 mating cycles: consumable, keep spares"
1,"J3","TELEM2 (DUT)","Connector_JST:JST_GH_SM06B-GHS-TB_1x06-1MP_P1.25mm_Horizontal","JST SM06B-GHS-TB(LF)(SN)",,"~50 mating cycles: consumable, keep spares"
1,"J4","TELEM3 (DUT)","Connector_JST:JST_GH_SM06B-GHS-TB_1x06-1MP_P1.25mm_Horizontal","JST SM06B-GHS-TB(LF)(SN)",,"~50 mating cycles: consumable, keep spares"
1,"J5","OLED (opt.)","Connector_PinHeader_2.54mm:PinHeader_1x04_P2.54mm_Vertical","1x4 2.54mm header (DNP)",,"SSD1306 128x64 I2C, GND-VCC-SCL-SDA"
1,"Q1","MMBT3904","Package_TO_SOT_SMD:SOT-23","MMBT3904",,""
1,"R1","330","Resistor_SMD:R_0603_1608Metric","0603 330R",,""
2,"R2 R3","4k7","Resistor_SMD:R_0603_1608Metric","0603 4.7k",,""
1,"R4","1k","Resistor_SMD:R_0603_1608Metric","0603 1k",,""
1,"R5","10k","Resistor_SMD:R_0603_1608Metric","0603 10k",,""
15,"RN1 RN2 RN3 RN4 RN5 RN6 RN7 RN8 RN9 RN10 RN11 RN12 RN13 RN14 RN15","4x220","Resistor_SMD:R_Array_Convex_4x0603","YC164-JR-07220RL (4x220R 0603 convex)",,""
1,"SW1","START / LEARN","Button_Switch_THT:SW_PUSH_6mm_H5mm","6x6mm THT tactile switch",,"short press: retest / force verdict; hold 3s: learn"
4,"U1 U2 U3 U4","MCP23017-E/SO","Package_SO:SOIC-28W_7.5x17.9mm_P1.27mm","MCP23017-E/SO",,"I2C addr 0x20; I2C addr 0x21; I2C addr 0x22; I2C addr 0x23"
1,"U5","74AHCT1G125","Package_TO_SOT_SMD:SOT-23-5","SN74AHCT1G125DBVR",,""
