Comment,Designator,Footprint,LCSC Part #,Description
100n,"C1,C2,C3,C4,C5,C8,C9,C10,C11,C12,C13,C14,C15,C16,C17",C_0603_1608Metric,C14663,100nF 50V X7R 0603 (Yageo CC0603KRX7R9BB104)
10u,"C6,C7",C_0805_2012Metric,C15850,10uF 25V X5R 0805 (Samsung CL21A106KAYNNNE)
WS2812B,"D1,D2,D3,D4,D5,D6,D7,D8,D9,D10",LED_WS2812B_PLCC4_5.0x5.0mm_P3.2mm,C114586,WS2812B-B/W (Worldsemi)
1N4148W,D11,D_SOD-123,C81598,1N4148W SOD-123
SM06B-GHS-TB,"J2,J3,J4",JST_GH_SM06B-GHS-TB_1x06-1MP_P1.25mm_Horizontal,C133065,JST SM06B-GHS-TB(LF)(SN)
MMBT3904,Q1,SOT-23,C20526,MMBT3904 (JSCJ)
330,R1,R_0603_1608Metric,C23138,330R 1% 0603 (0603WAF3300T5E)
4k7,"R2,R3",R_0603_1608Metric,C23162,4.7k 1% 0603 (0603WAF4701T5E)
1k,R4,R_0603_1608Metric,C21190,1k 1% 0603 (0603WAF1001T5E)
10k,R5,R_0603_1608Metric,C25804,10k 1% 0603 (0603WAF1002T5E)
4x220,"RN1,RN2,RN3,RN4,RN5,RN6,RN7,RN8,RN9,RN10,RN11,RN12,RN13,RN14,RN15",R_Array_Convex_4x0603,C29719,4x220R 0603x4 array (UniOhm 4D03WGJ0221T5E)
MCP23017-E/SO,"U1,U2,U3,U4",SOIC-28W_7.5x17.9mm_P1.27mm,C47023,MCP23017-E/SO
74AHCT1G125,U5,SOT-23-5,C7484,SN74AHCT1G125DBVR
