Designator,Mid X,Mid Y,Layer,Rotation
C1,9.245mm,-42.540mm,Top,270.0
C10,27.000mm,-65.500mm,Top,0.0
C11,45.000mm,-65.500mm,Top,0.0
C12,52.000mm,-65.500mm,Top,0.0
C13,59.000mm,-65.500mm,Top,0.0
C14,77.000mm,-65.500mm,Top,0.0
C15,84.000mm,-65.500mm,Top,0.0
C16,91.000mm,-65.500mm,Top,0.0
C17,112.000mm,-79.500mm,Top,0.0
C2,33.245mm,-42.540mm,Top,270.0
C3,57.245mm,-42.540mm,Top,270.0
C4,81.245mm,-42.540mm,Top,270.0
C5,101.000mm,-64.000mm,Top,0.0
C6,101.000mm,-40.000mm,Top,0.0
C7,101.000mm,-56.000mm,Top,0.0
C8,13.000mm,-65.500mm,Top,0.0
C9,20.000mm,-65.500mm,Top,0.0
D1,13.000mm,-70.000mm,Top,0.0
D10,112.000mm,-84.000mm,Top,0.0
D11,112.500mm,-71.000mm,Top,0.0
D2,20.000mm,-70.000mm,Top,0.0
D3,27.000mm,-70.000mm,Top,0.0
D4,45.000mm,-70.000mm,Top,0.0
D5,52.000mm,-70.000mm,Top,0.0
D6,59.000mm,-70.000mm,Top,0.0
D7,77.000mm,-70.000mm,Top,0.0
D8,84.000mm,-70.000mm,Top,0.0
D9,91.000mm,-70.000mm,Top,0.0
J2,20.000mm,-86.800mm,Top,0.0
J3,52.000mm,-86.800mm,Top,0.0
J4,84.000mm,-86.800mm,Top,0.0
Q1,112.500mm,-67.000mm,Top,0.0
R1,105.000mm,-60.000mm,Top,90.0
R2,101.000mm,-36.000mm,Top,90.0
R3,103.000mm,-36.000mm,Top,90.0
R4,108.500mm,-66.000mm,Top,0.0
R5,108.500mm,-68.500mm,Top,0.0
RN1,9.000mm,-19.000mm,Top,0.0
RN10,56.700mm,-19.000mm,Top,0.0
RN11,17.000mm,-58.000mm,Top,0.0
RN12,30.000mm,-58.000mm,Top,0.0
RN13,48.000mm,-58.000mm,Top,0.0
RN14,78.000mm,-58.000mm,Top,0.0
RN15,91.000mm,-58.000mm,Top,0.0
RN2,14.300mm,-19.000mm,Top,0.0
RN3,19.600mm,-19.000mm,Top,0.0
RN4,24.900mm,-19.000mm,Top,0.0
RN5,30.200mm,-19.000mm,Top,0.0
RN6,35.500mm,-19.000mm,Top,0.0
RN7,40.800mm,-19.000mm,Top,0.0
RN8,46.100mm,-19.000mm,Top,0.0
RN9,51.400mm,-19.000mm,Top,0.0
U1,16.000mm,-40.000mm,Top,0.0
U2,40.000mm,-40.000mm,Top,0.0
U3,64.000mm,-40.000mm,Top,0.0
U4,88.000mm,-40.000mm,Top,0.0
U5,101.000mm,-60.000mm,Top,0.0
